metric,n_folds,median_delta,mean_delta,wilcoxon_stat,wilcoxon_p_value,bootstrap_median_ci_05,bootstrap_median_ci_95
delta_sharpe,45,0.0,0.052430868501925625,7.0,0.463071015014588,0.0,0.0
delta_expectancy,45,0.0,9.5870653015994e-06,7.0,0.463071015014588,0.0,0.0
delta_max_dd,45,0.0,0.00015840035991362782,0.0,0.10880943004054568,0.0,0.0
delta_trade_count,45,0.0,-0.17777777777777778,0.0,0.023140931308743732,0.0,0.0
