threshold,p_value,E_pass,E_fail,n_pass,n_fail
0.5,0.26666666666666666,0.004508176144431324,0.0022560191323581016,4,2
0.55,0.26666666666666666,0.004508176144431324,0.0022560191323581016,4,2
0.6,0.26666666666666666,0.004508176144431324,0.0022560191323581016,4,2
0.65,0.26666666666666666,0.004508176144431324,0.0022560191323581016,4,2
0.7,0.26666666666666666,0.004508176144431324,0.0022560191323581016,4,2
0.75,0.26666666666666666,0.004508176144431324,0.0022560191323581016,4,2
0.8,0.26666666666666666,0.004508176144431324,0.0022560191323581016,4,2
0.8500000000000001,0.26666666666666666,0.004508176144431324,0.0022560191323581016,4,2
0.9,0.26666666666666666,0.004508176144431324,0.0022560191323581016,4,2
