score_bin,mean,count,std,bin_mid
"(0.064403, 0.22621]",0.0022560191323581016,2,0.0019395756220610995,0.1453065
"(0.22621, 0.92497]",0.005412525651742303,1,,0.5755899999999999
"(0.92497, 0.97574]",0.0033976996241537674,1,,0.9503550000000001
"(0.97574, 0.99997]",0.001572682522315412,1,,0.987855
"(0.99997, 1.0]",0.007649796779513812,1,,0.999985
