feature,mean_winner,mean_loser,median_winner,median_loser,std_winner,std_loser,separation,separation_abs,p_value,direction,winner_count,loser_count
early_range_expansion,1.9487868070966916,1.778816858375795,1.8730839015181107,1.6086930218863313,0.6417118088358273,0.820556822682957,0.16996994872089655,0.16996994872089655,0.2471599732119072,winner_gt_loser,14,12
early_return_3,0.0006367462725257693,-0.00032011701171325013,0.0003581462691992221,-1.2883506394112398e-05,0.0008817228783246647,0.001096619187872703,0.0009568632842390194,0.0009568632842390194,0.06786186499477573,winner_gt_loser,14,12
early_mfe,0.001298994525771113,0.0006189799716975211,0.0014401431936404024,0.0004132472002829961,0.000699579118859783,0.00047512052248285314,0.0006800145540735919,0.0006800145540735919,0.014560234126405914,winner_gt_loser,14,12
early_return_1,0.00034678383056022506,-0.0001614843791868011,0.0005326849279679302,-8.174552641426747e-05,0.0007329618499037787,0.0007075781766376289,0.0005082682097470262,0.0005082682097470262,0.1051925051200414,winner_gt_loser,14,12
early_mae,0.0005233722806666977,0.0009510086512173085,0.0003655504138438688,0.0005552473573830779,0.0003539347118661932,0.0008574126819063547,-0.0004276363705506108,0.0004276363705506108,0.3680655063054846,winner_lt_loser,14,12
early_slope,0.00014498122098275553,-7.931631626325003e-05,0.00018783730714163184,-6.488834382102661e-05,0.0005334832339780317,0.00041236793109187007,0.00022429753724600556,0.00022429753724600556,0.31587447983048955,winner_gt_loser,14,12
early_volatility,0.0003723233989548293,0.00034510260638627904,0.0003355444343270675,0.00031145965368137296,0.0002715491317838827,0.0002895428204478361,2.7220792568550232e-05,2.7220792568550232e-05,0.6251055995506551,winner_gt_loser,14,12
volatility_spike_flag,0.0,0.0,0.0,0.0,0.0,0.0,0.0,0.0,1.0,winner_gt_loser,14,12
